<?xml version="1.0" encoding="UTF-8"?>
<project-private xmlns="http://www.netbeans.org/ns/project-private/1">
    <editor-bookmarks xmlns="http://www.netbeans.org/ns/editor-bookmarks/2" lastBookmarkId="0"/>
    <open-files xmlns="http://www.netbeans.org/ns/projectui-open-files/2">
        <group>
            <file>file:/C:/Users/OUMAIMA/OneDrive/Documents/NetBeansProjects/JavaFX_Forum1/src/javafx_forum1/api/WeitherApi.java</file>
            <file>file:/C:/Users/OUMAIMA/OneDrive/Documents/NetBeansProjects/JavaFX_Forum1/src/javafx_forum1/services/PublicationService.java</file>
            <file>file:/C:/Users/OUMAIMA/OneDrive/Documents/NetBeansProjects/JavaFX_Forum1/src/javafx_forum1/gui/ChoixController.java</file>
            <file>file:/C:/Users/OUMAIMA/OneDrive/Documents/NetBeansProjects/JavaFX_Forum1/src/javafx_forum1/gui/Choix.fxml</file>
            <file>file:/C:/Users/OUMAIMA/OneDrive/Documents/NetBeansProjects/JavaFX_Forum1/src/javafx_forum1/gui/PubsController.java</file>
            <file>file:/C:/Users/OUMAIMA/OneDrive/Documents/NetBeansProjects/JavaFX_Forum1/src/javafx_forum1/entities/Publication.java</file>
            <file>file:/C:/Users/OUMAIMA/OneDrive/Documents/NetBeansProjects/JavaFX_Forum1/src/javafx_forum1/entities/EventTableView.java</file>
            <file>file:/C:/Users/OUMAIMA/OneDrive/Documents/NetBeansProjects/JavaFX_Forum1/src/javafx_forum1/gui/Pubs.fxml</file>
            <file>file:/C:/Users/OUMAIMA/OneDrive/Documents/NetBeansProjects/JavaFX_Forum1/src/javafx_forum1/interfaces/EvenementInterface.java</file>
            <file>file:/C:/Users/OUMAIMA/OneDrive/Documents/NetBeansProjects/JavaFX_Forum1/src/javafx_forum1/api/SmsApi.java</file>
            <file>file:/C:/Users/OUMAIMA/OneDrive/Documents/NetBeansProjects/JavaFX_Forum1/src/javafx_forum1/utiles/MyConnection1.java</file>
            <file>file:/C:/Users/OUMAIMA/OneDrive/Documents/NetBeansProjects/JavaFX_Forum1/src/javafx_forum1/entities/Evenement.java</file>
            <file>file:/C:/Users/OUMAIMA/OneDrive/Documents/NetBeansProjects/JavaFX_Forum1/src/javafx_forum1/services/EvenementService.java</file>
            <file>file:/C:/Users/OUMAIMA/OneDrive/Documents/NetBeansProjects/JavaFX_Forum1/src/javafx_forum1/JavaFX_Forum1.java</file>
            <file>file:/C:/Users/OUMAIMA/OneDrive/Documents/NetBeansProjects/JavaFX_Forum1/src/javafx_forum1/interfaces/PublicationInterface.java</file>
        </group>
    </open-files>
</project-private>
